Datetime,Water Level (m)
2025-11-03 06:00:00,0.0013656749
2025-11-03 07:00:00,0.0011118778
2025-11-03 08:00:00,0.000853281
2025-11-03 09:00:00,0.00051214424
2025-11-03 10:00:00,1.7743121e-05
2025-11-03 11:00:00,-0.00038945558
2025-11-03 12:00:00,-0.0005193906
2025-11-03 13:00:00,-0.00050901814
2025-11-03 14:00:00,-0.00043304983
2025-11-03 15:00:00,-0.00026869407
2025-11-03 16:00:00,-0.00020165292
2025-11-03 17:00:00,-1.338368e-05
2025-11-03 18:00:00,0.00012273155
2025-11-03 19:00:00,0.00010793963
2025-11-03 20:00:00,-0.00021762378
2025-11-03 21:00:00,-0.0005964276
2025-11-03 22:00:00,-0.0008720494
2025-11-03 23:00:00,-0.0010024844
2025-11-04 00:00:00,-0.00096691144
2025-11-04 01:00:00,-0.0008970721
2025-11-04 02:00:00,-0.0006667664
2025-11-04 03:00:00,-0.00028921253
2025-11-04 04:00:00,-1.982376e-05
2025-11-04 05:00:00,0.00020684737
2025-11-04 06:00:00,0.00036755815
2025-11-04 07:00:00,0.00026512993
2025-11-04 08:00:00,-3.4806202e-05
2025-11-04 09:00:00,-0.00039319487
2025-11-04 10:00:00,-0.00062083284
2025-11-04 11:00:00,-0.0009772805
2025-11-04 12:00:00,-0.0011940706
2025-11-04 13:00:00,-0.0011065834
2025-11-04 14:00:00,-0.0010592794
2025-11-04 15:00:00,-0.00085088564
2025-11-04 16:00:00,-0.00066017633
2025-11-04 17:00:00,0.008309978
2025-11-04 18:00:00,0.011179931
2025-11-04 19:00:00,0.0060358527
2025-11-04 20:00:00,0.012048205
2025-11-04 21:00:00,0.015268813
2025-11-04 22:00:00,0.030754017
2025-11-04 23:00:00,0.03915483
2025-11-05 00:00:00,0.0473763
2025-11-05 01:00:00,0.055922385
2025-11-05 02:00:00,0.040205583
2025-11-05 03:00:00,0.07013147
2025-11-05 04:00:00,0.08387979
2025-11-05 05:00:00,0.13275325
2025-11-05 06:00:00,0.12736854
2025-11-05 07:00:00,0.13929915
2025-11-05 08:00:00,0.14844842
2025-11-05 09:00:00,0.15725636
2025-11-05 10:00:00,0.16648802
2025-11-05 11:00:00,0.17645507
2025-11-05 12:00:00,0.18716529
2025-11-05 13:00:00,0.19846773
2025-11-05 14:00:00,0.20991339
2025-11-05 15:00:00,0.22102824
2025-11-05 16:00:00,0.23142935
2025-11-05 17:00:00,0.2407887
2025-11-05 18:00:00,0.24904522
2025-11-05 19:00:00,0.25622708
2025-11-05 20:00:00,0.2623653
2025-11-05 21:00:00,0.26807964
2025-11-05 22:00:00,0.27446416
2025-11-05 23:00:00,0.2820755
2025-11-06 00:00:00,0.2910416
2025-11-06 01:00:00,0.30129334
2025-11-06 02:00:00,0.3123867
2025-11-06 03:00:00,0.32371277
2025-11-06 04:00:00,0.33483598
2025-11-06 05:00:00,0.34544158
2025-11-06 06:00:00,0.355203
2025-11-06 07:00:00,0.36383477
2025-11-06 08:00:00,0.37120947
2025-11-06 09:00:00,0.3778955
2025-11-06 10:00:00,0.38478395
2025-11-06 11:00:00,0.39256644
2025-11-06 12:00:00,0.4013315
2025-11-06 13:00:00,0.41108945
2025-11-06 14:00:00,0.42126405
2025-11-06 15:00:00,0.43137097
2025-11-06 16:00:00,0.44100866
2025-11-06 17:00:00,0.44989434
2025-11-06 18:00:00,0.45760372
2025-11-06 19:00:00,0.46397159
2025-11-06 20:00:00,0.4689641
2025-11-06 21:00:00,0.47314104
2025-11-06 22:00:00,0.47764683
2025-11-06 23:00:00,0.48355332
2025-11-07 00:00:00,0.49090338
2025-11-07 01:00:00,0.49968368
2025-11-07 02:00:00,0.50952435
2025-11-07 03:00:00,0.51961786
2025-11-07 04:00:00,0.5297632
2025-11-07 05:00:00,0.53914225
2025-11-07 06:00:00,0.5478422
2025-11-07 07:00:00,0.5554386
2025-11-07 08:00:00,0.56182504
2025-11-07 09:00:00,0.56700885
2025-11-07 10:00:00,0.5718522
2025-11-07 11:00:00,0.5775202
2025-11-07 12:00:00,0.58453465
2025-11-07 13:00:00,0.59266067
2025-11-07 14:00:00,0.6012889
2025-11-07 15:00:00,0.60999525
2025-11-07 16:00:00,0.6181421
2025-11-07 17:00:00,0.6254409
2025-11-07 18:00:00,0.63181865
2025-11-07 19:00:00,0.6373871
2025-11-07 20:00:00,0.64181024
2025-11-07 21:00:00,0.64492804
2025-11-07 22:00:00,0.64733213
2025-11-07 23:00:00,0.65041596
2025-11-08 00:00:00,0.6548355
2025-11-08 01:00:00,0.6608015
2025-11-08 02:00:00,0.6678439
2025-11-08 03:00:00,0.67533576
2025-11-08 04:00:00,0.68266994
2025-11-08 05:00:00,0.68978566
2025-11-08 06:00:00,0.6964238
2025-11-08 07:00:00,0.7020745
2025-11-08 08:00:00,0.70678777
2025-11-08 09:00:00,0.7103531
2025-11-08 10:00:00,0.7133957
2025-11-08 11:00:00,0.71652305
2025-11-08 12:00:00,0.7201586
2025-11-08 13:00:00,0.72488755
2025-11-08 14:00:00,0.73026407
2025-11-08 15:00:00,0.73572826
2025-11-08 16:00:00,0.7408656
2025-11-08 17:00:00,0.7455117
2025-11-08 18:00:00,0.7493384
2025-11-08 19:00:00,0.7524161
2025-11-08 20:00:00,0.75467694
2025-11-08 21:00:00,0.75584954
2025-11-08 22:00:00,0.75589514
2025-11-08 23:00:00,0.75559914
2025-11-09 00:00:00,0.7562782
2025-11-09 01:00:00,0.75860316
2025-11-09 02:00:00,0.76219946
2025-11-09 03:00:00,0.7667516
2025-11-09 04:00:00,0.7717698
2025-11-09 05:00:00,0.7770117
2025-11-09 06:00:00,0.78200275
